{
  "data": {
    "sbin": [
      0.37499999999999999E-1,
      0.10000000000000001E+0,
      0.13750000000000001E+0,
      0.16250000000000001E+0,
      0.1875E+0,
      0.21249999999999999E+0,
      0.23749999999999999E+0,
      0.26250000000000001E+0,
      0.28749999999999998E+0,
      0.3125E+0,
      0.33750000000000002E+0,
      0.36249999999999999E+0,
      0.38750000000000001E+0,
      0.41249999999999998E+0,
      0.4375E+0,
      0.46250000000000002E+0,
      0.48749999999999999E+0,
      0.51249999999999996E+0,
      0.53749999999999998E+0,
      0.5625E+0,
      0.58750000000000002E+0,
      0.61250000000000004E+0,
      0.63749999999999996E+0,
      0.66249999999999998E+0,
      0.6875E+0,
      0.71250000000000002E+0,
      0.73750000000000004E+0,
      0.76249999999999996E+0,
      0.78749999999999998E+0,
      0.8125E+0,
      0.83750000000000002E+0,
      0.86250000000000004E+0,
      0.88749999999999996E+0,
      0.91249999999999998E+0,
      0.9375E+0,
      0.96250000000000002E+0,
      0.98750000000000004E+0,
      0.10125E+1,
      0.10375000000000001E+1,
      0.10625E+1,
      0.10874999999999999E+1,
      0.11125E+1,
      0.11375E+1,
      0.11625000000000001E+1,
      0.11875E+1,
      0.12124999999999999E+1,
      0.12375E+1,
      0.12625E+1,
      0.12875000000000001E+1,
      0.13125E+1,
      0.13374999999999999E+1,
      0.13625E+1,
      0.13875E+1,
      0.14125000000000001E+1,
      0.14375E+1,
      0.14624999999999999E+1,
      0.14875E+1,
      0.15125E+1,
      0.15375000000000001E+1,
      0.15625E+1,
      0.15874999999999999E+1,
      0.16125E+1,
      0.16375E+1,
      0.16625000000000001E+1,
      0.16875E+1,
      0.17250000000000001E+1,
      0.17749999999999999E+1,
      0.1825E+1,
      0.1875E+1,
      0.1925E+1,
      0.19750000000000001E+1,
      0.20499999999999998E+1,
      0.21499999999999999E+1,
      0.225E+1,
      0.23500000000000001E+1,
      0.25E+1,
      0.27000000000000002E+1,
      0.28999999999999999E+1,
      0.30874999999999999E+1,
      0.33374999999999999E+1
    ],
    "dsbin": [
      0.74999999999999997E-1,
      0.50000000000000003E-1,
      0.25000000000000001E-1,
      0.25000000000000001E-1,
      0.25000000000000001E-1,
      0.25000000000000001E-1,
      0.25000000000000001E-1,
      0.25000000000000001E-1,
      0.25000000000000001E-1,
      0.25000000000000001E-1,
      0.25000000000000001E-1,
      0.25000000000000001E-1,
      0.25000000000000001E-1,
      0.25000000000000001E-1,
      0.25000000000000001E-1,
      0.25000000000000001E-1,
      0.25000000000000001E-1,
      0.25000000000000001E-1,
      0.25000000000000001E-1,
      0.25000000000000001E-1,
      0.25000000000000001E-1,
      0.25000000000000001E-1,
      0.25000000000000001E-1,
      0.25000000000000001E-1,
      0.25000000000000001E-1,
      0.25000000000000001E-1,
      0.25000000000000001E-1,
      0.25000000000000001E-1,
      0.25000000000000001E-1,
      0.25000000000000001E-1,
      0.25000000000000001E-1,
      0.25000000000000001E-1,
      0.25000000000000001E-1,
      0.25000000000000001E-1,
      0.25000000000000001E-1,
      0.25000000000000001E-1,
      0.25000000000000001E-1,
      0.25000000000000001E-1,
      0.25000000000000001E-1,
      0.25000000000000001E-1,
      0.25000000000000001E-1,
      0.25000000000000001E-1,
      0.25000000000000001E-1,
      0.25000000000000001E-1,
      0.25000000000000001E-1,
      0.25000000000000001E-1,
      0.25000000000000001E-1,
      0.25000000000000001E-1,
      0.25000000000000001E-1,
      0.25000000000000001E-1,
      0.25000000000000001E-1,
      0.25000000000000001E-1,
      0.25000000000000001E-1,
      0.25000000000000001E-1,
      0.25000000000000001E-1,
      0.25000000000000001E-1,
      0.25000000000000001E-1,
      0.25000000000000001E-1,
      0.25000000000000001E-1,
      0.25000000000000001E-1,
      0.25000000000000001E-1,
      0.25000000000000001E-1,
      0.25000000000000001E-1,
      0.25000000000000001E-1,
      0.25000000000000001E-1,
      0.50000000000000003E-1,
      0.50000000000000003E-1,
      0.50000000000000003E-1,
      0.50000000000000003E-1,
      0.50000000000000003E-1,
      0.50000000000000003E-1,
      0.10000000000000001E+0,
      0.10000000000000001E+0,
      0.10000000000000001E+0,
      0.10000000000000001E+0,
      0.20000000000000001E+0,
      0.20000000000000001E+0,
      0.20000000000000001E+0,
      0.17499999999999999E+0,
      0.32500000000000001E+0
    ],
    "sfm2": [
      0.26332999999999999E-3,
      0.48661000000000003E-1,
      0.35200000000000002E-1,
      0.53483000000000003E-1,
      0.75081999999999996E-1,
      0.10999E+0,
      0.12411999999999999E+0,
      0.14627000000000001E+0,
      0.17544000000000001E+0,
      0.224E+0,
      0.28272999999999998E+0,
      0.38745000000000002E+0,
      0.45881E+0,
      0.57477E+0,
      0.73292000000000002E+0,
      0.94252999999999998E+0,
      0.11904999999999999E+1,
      0.14883999999999999E+1,
      0.1845E+1,
      0.20253000000000001E+1,
      0.20499000000000001E+1,
      0.18891E+1,
      0.16547000000000001E+1,
      0.13627E+1,
      0.11225000000000001E+1,
      0.91776999999999997E+0,
      0.78898999999999997E+0,
      0.69999999999999996E+0,
      0.63502999999999998E+0,
      0.59462000000000004E+0,
      0.57123999999999997E+0,
      0.54330000000000001E+0,
      0.56315000000000004E+0,
      0.56176999999999999E+0,
      0.56169999999999998E+0,
      0.56296999999999997E+0,
      0.59526000000000001E+0,
      0.59560000000000002E+0,
      0.59740000000000004E+0,
      0.60407E+0,
      0.62512000000000001E+0,
      0.64892000000000005E+0,
      0.66369999999999996E+0,
      0.61709999999999998E+0,
      0.64812000000000003E+0,
      0.63112999999999997E+0,
      0.63566E+0,
      0.63605E+0,
      0.64685000000000004E+0,
      0.59699000000000002E+0,
      0.60126999999999997E+0,
      0.58216999999999997E+0,
      0.57918000000000003E+0,
      0.57894000000000001E+0,
      0.56096999999999997E+0,
      0.55071000000000003E+0,
      0.52798E+0,
      0.52700000000000002E+0,
      0.48265999999999998E+0,
      0.5101E+0,
      0.46254000000000001E+0,
      0.45211000000000001E+0,
      0.44602999999999998E+0,
      0.41182000000000002E+0,
      0.40231E+0,
      0.77824000000000004E+0,
      0.74612999999999996E+0,
      0.66552E+0,
      0.60723000000000005E+0,
      0.57055E+0,
      0.52878999999999998E+0,
      0.10647E+1,
      0.92762E+0,
      0.77615000000000001E+0,
      0.58030999999999999E+0,
      0.85321999999999998E+0,
      0.41465999999999997E+0,
      0.16308E+0,
      0.21904E-1,
      0.0E+0
    ],